,Codi municipi,Habitants,Municipi,MUNICIPI_CODI,RECOMPTE,Taxa_vacunacio
0,25501938,366,ABELLA DE LA CONCA,,,
1,8161836,12550,ABRERA,7704963.0,11226.0,89.45019920318725
2,25503060,5416,AGRAMUNT,16401968.0,5619.0,103.74815361890694
3,8162346,564,AGUILAR DE SEGARRA,1376344.0,233.0,41.312056737588655
4,17341020,1726,AGULLANA,5049297.0,749.0,43.395133256083426
5,8174484,2514,AIGUAFREDA,5056834.0,2549.0,101.39220365950676
6,43861734,1860,AIGUAMÚRCIA,14577339.0,821.0,44.13978494623656
7,17342550,1530,AIGUAVIVA,5185610.0,680.0,44.44444444444444
8,25539474,2569,AITONA,11041758.0,2549.0,99.22148695990658
9,25504590,1622,"ALAMÚS, ELS",,,
10,25506222,722,"ALBAGÉS, L'",,,
11,17343162,310,ALBANYÀ,,,
12,25507854,2238,ALBATÀRREC,12603528.0,1792.0,80.07149240393208
13,25508466,3122,ALBESA,11578704.0,1636.0,52.40230621396541
14,25509792,1488,"ALBI, L'",,,
15,43862244,2470,ALBINYANA,22877064.0,2054.0,83.15789473684211
16,43863876,1000,"ALBIOL, L'",,,
17,17344692,1518,ALBONS,4880148.0,650.0,42.81949934123847
18,43864386,9443,ALCANAR,35005256.0,8484.0,89.84432913269089
19,25510200,476,ALCANÓ,4126650.0,269.0,56.51260504201681
20,25511934,9716,ALCARRÀS,19358514.0,8565.0,88.15356113627007
21,25512444,3438,ALCOLETGE,16382860.0,3058.0,88.94706224549157
22,43865712,5149,ALCOVER,24727875.0,4830.0,93.80462225674889
23,44782488,4151,"ALDEA, L'",,,
24,43867038,1810,ALDOVER,14536028.0,914.0,50.49723756906077
25,43867650,1786,"ALEIXAR, L'",,,
26,8163978,9913,ALELLA,8659246.0,9872.0,99.58640169474428
27,43868262,752,ALFARA DE CARLES,8730624.0,371.0,49.33510638297872
28,25514076,2767,ALFARRÀS,14282423.0,2792.0,100.90350560173474
29,43869588,3566,ALFORJA,20128212.0,1636.0,45.877734155917
30,25514586,594,ALFÉS,4652604.0,333.0,56.060606060606055
31,25515912,808,ALGERRI,4977985.0,444.0,54.95049504950495
32,25517238,3032,ALGUAIRE,14934552.0,2917.0,96.2071240105541
33,25517850,544,ALINS,,,
34,43871016,916,ALIÓ,9462200.0,408.0,44.54148471615721
35,25519788,6832,ALMACELLES,20615656.0,6830.0,99.97072599531616
36,25521216,610,ALMATRET,3878100.0,355.0,58.19672131147541
37,25521930,3360,ALMENAR,15162726.0,3464.0,103.09523809523809
38,43871730,2682,ALMOSTER,18666774.0,1262.0,47.054436987322894
39,17346324,3186,ALP,7278568.0,1232.0,38.6691776522285
40,8164488,522,ALPENS,1304652.0,251.0,48.08429118773947
41,25524072,6272,ALPICAT,21294573.0,6819.0,108.72130102040816
42,25524582,828,ALT ÀNEU,3753600.0,264.0,31.88405797101449
43,43872240,5312,ALTAFULLA,26710452.0,4732.0,89.08132530120481
44,25505916,640,ALÀS I CERC,3450690.0,213.0,33.28125
45,25522440,264,ALÒS DE BALAGUER,,,
46,17347956,2334,AMER,8435472.0,2296.0,98.3718937446444
47,43873872,6872,"AMETLLA DE MAR, L'",,,
48,8165814,8654,"AMETLLA DEL VALLÈS, L'",,,
49,44784120,3280,"AMPOLLA, L'",,,
50,43874382,21136,AMPOSTA,47143344.0,19225.0,90.95855412566237
51,25527846,2730,ANGLESOLA,8233883.0,1291.0,47.289377289377285
52,17348568,5659,ANGLÈS,11174256.0,4965.0,87.73634917830006
53,25529784,2128,ARBECA,11263050.0,2262.0,106.296992481203
54,43875708,254,ARBOLÍ,,,
55,43877034,5614,"ARBOÇ, L'",,,
56,17349894,6614,ARBÚCIES,12654696.0,5496.0,83.09646205019655
57,8166120,15956,ARENYS DE MAR,8558414.0,15962.0,100.03760340937578
58,8167752,9130,ARENYS DE MUNT,7566615.0,8105.0,88.77327491785323
59,17350302,792,ARGELAGUER,2942730.0,305.0,38.51010101010101
60,43877646,234,"ARGENTERA, L'",,,
61,8169690,12548,ARGENTONA,7976964.0,11794.0,93.99107427478482
62,8168364,438,ARGENÇOLA,,,
63,17352036,1902,"ARMENTERA, L'",,,
64,43879278,888,ARNES,8302474.0,517.0,58.22072072072072
65,25531926,120,ARRES,,,
66,25533456,162,ARSÈGUEL,,,
67,25534068,3070,ARTESA DE LLEIDA,12441401.0,1544.0,50.29315960912052
68,25535598,3403,ARTESA DE SEGRE,14019040.0,3887.0,114.22274463708493
69,8171118,5767,ARTÉS,5663070.0,5296.0,91.83284203225247
70,43879584,3288,ASCÓ,17336657.0,1609.0,48.935523114355234
71,25537230,440,ASPA,,,
72,25537842,866,"AVELLANES I SANTA LINYA, LES",,,
73,17352546,3282,AVINYONET DE PUIGVENTÓS,7042968.0,1400.0,42.656916514320535
74,8173974,3394,AVINYONET DEL PENEDÈS,3742071.0,1585.0,46.70005892751915
75,8172342,2291,AVINYÓ,3925880.0,2142.0,93.49628982976867
76,8171832,2222,AVIÀ,3861302.0,2145.0,96.53465346534654
77,8175810,26215,BADALONA,14587300.0,202758.0,773.4426854854091
78,9082590,13428,BADIA DEL VALLÈS,9064272.0,12602.0,93.8486744116771
79,8177136,2142,BAGÀ,3783552.0,2249.0,104.9953314659197
80,25539780,662,BAIX PALLARS,4031279.0,275.0,41.54078549848943
81,25541208,17489,BALAGUER,24113520.0,15255.0,87.22625650408828
82,8177748,3843,BALENYÀ,5010625.0,3414.0,88.8368462138954
83,8178360,3195,BALSARENY,4882962.0,3251.0,101.75273865414711
84,43881012,3210,BANYERES DEL PENEDÈS,24779520.0,2795.0,87.07165109034268
85,17356014,20073,BANYOLES,15926040.0,18051.0,89.92676729935735
86,25541922,1756,BARBENS,7812792.0,920.0,52.391799544419136
87,43881726,942,BARBERÀ DE LA CONCA,8776284.0,423.0,44.904458598726116
88,8417040,33367,BARBERÀ DEL VALLÈS,10760608.0,31535.0,94.50954535918721
89,8179686,8515,BARCELONA,141118362.0,1559869.0,18319.07222548444
90,25543452,458,"BARONIA DE RIALB, LA",,,
91,25545594,434,BASSELLA,,,
92,43883256,3802,BATEA,16778580.0,2151.0,56.575486586007365
93,25545900,120,BAUSEN,,,
94,8181114,7307,BEGUES,7081660.0,6365.0,87.10825236074996
95,17354178,3894,BEGUR,10769229.0,3493.0,89.70210580380072
96,25547226,1040,BELIANES,5485074.0,585.0,56.25
97,25549470,2337,BELL-LLOC D'URGELL,12749432.0,2217.0,94.86521181001284
98,25674012,574,BELLAGUARDA,3901350.0,309.0,53.83275261324042
99,17358564,1356,BELLCAIRE D'EMPORDÀ,4901184.0,634.0,46.7551622418879
100,25548858,2398,BELLCAIRE D'URGELL,8290557.0,1324.0,55.21267723102585
101,25550796,370,BELLMUNT D'URGELL,,,
102,43883868,546,BELLMUNT DEL PRIORAT,7399956.0,291.0,53.2967032967033
103,8181828,128,BELLPRAT,,,
104,25551102,5223,BELLPUIG,16382700.0,4730.0,90.56098027953283
105,43885398,2239,BELLVEI,20221280.0,1686.0,75.3014738722644
106,25552836,2976,BELLVER DE CERDANYA,11999429.0,2006.0,67.40591397849462
107,25553346,2262,BELLVÍS,11724336.0,2283.0,100.9283819628647
108,25554978,3036,BENAVENT DE SEGRIÀ,12326076.0,1501.0,49.440052700922266
109,43885704,1446,BENIFALLET,12778425.0,819.0,56.63900414937759
110,43887030,2280,BENISSANET,15489360.0,1053.0,46.18421052631579
111,8183358,16776,BERGA,7300020.0,16464.0,98.14020028612303
112,17359890,2489,BESALÚ,7777683.0,2611.0,104.90156689433508
113,17361318,4995,BESCANÓ,11726780.0,4561.0,91.31131131131131
114,17362032,372,BEUDA,,,
115,8183970,9367,BIGUES I RIELLS,7750218.0,7560.0,80.70887157040674
116,25556814,354,BIOSCA,,,
117,17362542,11170,"BISBAL D'EMPORDÀ, LA",,,
118,43887642,422,"BISBAL DE FALSET, LA",,,
119,43889274,3634,"BISBAL DEL PENEDÈS, LA",,,
120,17579496,482,BIURE,2550632.0,215.0,44.60580912863071
121,43889580,764,BLANCAFORT,7400988.0,380.0,49.73821989528796
122,17364174,39953,BLANES,19831795.0,34611.0,86.62928941506269
123,17369886,544,BOADELLA I LES ESCAULES,,,
124,17364684,750,BOLVIR,3336704.0,306.0,40.8
125,43891008,1370,BONASTRE,11316890.0,519.0,37.88321167883212
126,17366010,3522,BORDILS,7405875.0,1550.0,44.00908574673481
127,25559364,6179,"BORGES BLANQUES, LES",,,
128,43891722,2058,"BORGES DEL CAMP, LES",,,
129,17367336,1466,BORRASSÀ,5124826.0,673.0,45.90723055934516
130,8184480,928,BORREDÀ,1580728.0,399.0,42.99568965517241
131,25560690,2230,BOSSÒST,8068998.0,1079.0,48.38565022421525
132,43893252,1108,BOT,8046984.0,657.0,59.29602888086642
133,43893864,2154,BOTARELL,14760319.0,909.0,42.20055710306407
134,25557120,496,BOVERA,3908736.0,309.0,62.298387096774185
135,17367948,3765,BREDA,10727010.0,3609.0,95.85657370517929
136,8185806,3093,"BRUC, EL",,,
137,8187132,516,"BRULL, EL",,,
138,17368560,778,BRUNYOLA I SANT MARTÍ SAPRESA,,,
139,43895394,1390,BRÀFIM,11791316.0,606.0,43.597122302158276
140,17356320,2002,BÀSCARA,5972616.0,959.0,47.9020979020979
141,25558752,510,"BÒRDES, ES",,,
142,43895700,604,CABACÉS,6498285.0,301.0,49.83443708609271
143,25562118,142,CABANABONA,,,
144,17372028,534,CABANELLES,2282154.0,179.0,33.52059925093633
145,17371314,1936,CABANES,4921670.0,792.0,40.909090909090914
146,8187744,1958,"CABANYES, LES",,,
147,43897026,2350,CABRA DEL CAMP,15966356.0,992.0,42.212765957446805
148,8189376,2964,CABRERA D'ANOIA,3435984.0,1060.0,35.76248313090418
149,8189682,4751,CABRERA DE MAR,6350939.0,4270.0,89.87581561776467
150,8191110,7439,CABRILS,7251090.0,6692.0,89.95832773222207
151,25562832,186,CABÓ,,,
152,17373558,2697,CADAQUÉS,7732528.0,2285.0,84.72376714868372
153,8191824,3659,CALAF,5027406.0,3205.0,87.59223831647991
154,43898658,27628,CALAFELL,47254626.0,23090.0,83.57463442884031
155,8195496,2090,CALDERS,2860104.0,906.0,43.34928229665071
156,8193354,3024,CALDES D'ESTRAC,5630432.0,2538.0,83.92857142857143
157,17374170,7879,CALDES DE MALAVELLA,11974199.0,7163.0,90.91255235435969
158,8193966,17829,CALDES DE MONTBUI,8563178.0,16581.0,93.00016826518593
159,8195802,19296,CALELLA,8701905.0,17966.0,93.10737976782752
160,8197740,2515,CALLDETENES,3994389.0,2321.0,92.28628230616303
161,8199372,2131,CALLÚS,4083304.0,1919.0,90.05161895823557
162,8197128,376,CALONGE DE SEGARRA,,,
163,17374680,11342,CALONGE I SANT ANTONI,14700342.0,9676.0,85.31123258684535
164,25563342,1620,CAMARASA,7092546.0,747.0,46.111111111111114
165,44781978,3197,CAMARLES,25200322.0,3243.0,101.43884892086331
166,43899270,34768,CAMBRILS,51301296.0,29833.0,85.80591348366315
167,17377332,3235,CAMPDEVÀNOL,7649164.0,3407.0,105.31684698608966
168,17377944,280,CAMPELLES,,,
169,8200698,1082,CAMPINS,2379544.0,438.0,40.48059149722736
170,17379576,1074,CAMPLLONG,3816512.0,437.0,40.68901303538175
171,17379882,2300,CAMPRODON,8127603.0,2397.0,104.21739130434781
172,17376006,1354,CAMÓS,4854975.0,621.0,45.86410635155096
173,25564974,178,CANEJAN,,,
174,17381310,1458,CANET D'ADRI,5163120.0,641.0,43.964334705075444
175,8201106,14879,CANET DE MAR,8530440.0,14764.0,99.2270985953357
176,44785752,5961,"CANONJA, LA",,,
177,8201820,16845,CANOVELLES,8571706.0,13875.0,82.36865538735529
178,17382024,618,CANTALLOPS,2641355.0,293.0,47.41100323624595
179,8203962,4703,CANYELLES,5726616.0,3931.0,83.58494577928981
180,43900596,222,CAPAFONTS,,,
181,8205492,5347,CAPELLADES,5542316.0,5147.0,96.25958481391434
182,17383554,1222,CAPMANY,3851492.0,508.0,41.57119476268412
183,8206818,168,CAPOLAT,,,
184,43901004,784,CAPÇANES,9167520.0,415.0,52.933673469387756
185,8207124,18442,CARDEDEU,8931060.0,17465.0,94.70230994469146
186,8208756,4643,CARDONA,5407584.0,5011.0,107.92590997200087
187,8209368,1570,CARME,2213200.0,712.0,45.35031847133758
188,43902738,474,CASERES,4777551.0,261.0,55.06329113924051
189,8210694,3176,CASSERRES,3171306.0,1606.0,50.566750629722925
190,17385696,10420,CASSÀ DE LA SELVA,12987528.0,9059.0,86.93857965451056
191,26422692,346,CASTELL DE MUR,,,
192,8218650,134,CASTELL DE L'ARENY,,,
193,17389572,11041,CASTELL-PLATJA D'ARO,14252128.0,8225.0,74.49506385291187
194,25565484,262,CASTELLAR DE LA RIBERA,,,
195,8213244,312,CASTELLAR DE N'HUG,,,
196,8211000,352,CASTELLAR DEL RIU,,,
197,8212734,24512,CASTELLAR DEL VALLÈS,9411619.0,23421.0,95.54911879895562
198,8214876,3722,CASTELLBELL I EL VILAR,5194185.0,3295.0,88.527673293928
199,8215386,12551,CASTELLBISBAL,8456700.0,10846.0,86.41542506573181
200,8216712,1484,CASTELLCIR,2440665.0,585.0,39.42048517520216
201,25568748,1860,CASTELLDANS,8522780.0,954.0,51.29032258064517
202,8218038,67527,CASTELLDEFELS,11818152.0,56123.0,83.11194040902159
203,8219262,2384,CASTELLET I LA GORNAL,4633350.0,1977.0,82.9278523489933
204,8222016,324,CASTELLFOLLIT DE RIUBREGÓS,,,
205,17387328,1894,CASTELLFOLLIT DE LA ROCA,4329684.0,900.0,47.51847940865892
206,8220588,894,CASTELLFOLLIT DEL BOIX,1531210.0,283.0,31.655480984340045
207,8222730,2121,CASTELLGALÍ,4643136.0,1982.0,93.44648750589344
208,8223240,2874,CASTELLNOU DE BAGES,3160304.0,960.0,33.40292275574113
209,25569360,1330,CASTELLNOU DE SEANA,6617952.0,628.0,47.21804511278195
210,8224872,1252,CASTELLOLÍ,2096380.0,528.0,42.17252396166134
211,25572114,1992,CASTELLSERÀ,7571140.0,1046.0,52.51004016064257
212,8225382,2550,CASTELLTERÇOL,4878720.0,2347.0,92.03921568627452
213,43903248,2830,CASTELLVELL DEL CAMP,24232646.0,2544.0,89.89399293286219
214,8228034,3866,CASTELLVÍ DE ROSANES,4637950.0,1760.0,45.52509053285049
215,8226708,3150,CASTELLVÍ DE LA MARCA,3508275.0,1404.0,44.57142857142857
216,17387940,11111,CASTELLÓ D'EMPÚRIES,12870485.0,7641.0,68.76968769687697
217,25570686,1078,CASTELLÓ DE FARFANYA,5189283.0,476.0,44.15584415584416
218,43903860,4561,"CATLLAR, EL",,,
219,25572828,90,CAVA,,,
220,17533698,3900,"CELLERA DE TER, LA",,,
221,17390898,5566,CELRÀ,10127106.0,4380.0,78.69205892921308
222,8228646,7520,CENTELLES,6703677.0,7233.0,96.18351063829788
223,8434074,2300,CERCS,2918604.0,1119.0,48.65217391304348
224,8431830,57912,CERDANYOLA DEL VALLÈS,12208882.0,57019.0,98.45800524934383
225,8230278,9086,CERVELLÓ,7963116.0,8087.0,89.0050627338763
226,25574358,9359,CERVERA,20233104.0,8663.0,92.56330804573139
227,17391204,1932,CERVIÀ DE TER,5115000.0,865.0,44.77225672877847
228,25574970,1324,CERVIÀ DE LES GARRIGUES,6518980.0,694.0,52.416918429003026
229,17392938,564,CISTELLA,3035078.0,260.0,46.09929078014184
230,25575480,416,CIUTADILLA,,,
231,25576806,322,CLARIANA DE CARDENER,,,
232,25578132,302,"COGUL, EL",,,
233,17395590,890,COLERA,3632502.0,349.0,39.21348314606742
234,25578744,1080,COLL DE NARGÓ,5266170.0,548.0,50.74074074074074
235,8230584,4548,COLLBATÓ,6084026.0,3701.0,81.37642919964819
236,43906716,336,COLLDEJOU,,,
237,8232012,718,COLLSUSPINA,1501020.0,304.0,42.33983286908078
238,17396916,348,COLOMERS,,,
239,25666872,510,"COMA I LA PEDRA, LA",,,
240,25664730,820,CONCA DE DALT,4126404.0,307.0,37.4390243902439
241,43907022,200,CONESA,,,
242,43908654,6671,CONSTANTÍ,30649464.0,5366.0,80.43771548493478
243,8232726,642,COPONS,1275218.0,287.0,44.704049844236756
244,43909266,2006,CORBERA D'EBRE,11881248.0,1090.0,54.33698903290129
245,8234256,14896,CORBERA DE LLOBREGAT,9121360.0,13480.0,90.49409237379163
246,25580376,2924,CORBINS,11184788.0,1484.0,50.752393980848154
247,8234868,90025,CORNELLÀ DE LLOBREGAT,12117573.0,84355.0,93.70174951402387
248,17397222,2401,CORNELLÀ DEL TERRI,8954400.0,2207.0,91.92003331945024
249,43910592,1888,CORNUDELLA DE MONTSANT,14421415.0,893.0,47.29872881355932
250,17398854,2536,CORÇÀ,6038178.0,1139.0,44.913249211356465
251,43911918,3761,CREIXELL,26131350.0,3544.0,94.23025791013029
252,17399466,508,CRESPIÀ,2336946.0,182.0,35.826771653543304
253,18259122,2540,"CRUÏLLES, MONELLS I SANT SADURNÍ DE L'HEURA",,,
254,8236398,15785,CUBELLES,8849104.0,13952.0,88.38770985112448
255,25580682,676,CUBELLS,4213272.0,377.0,55.769230769230774
256,43912632,13546,CUNIT,45031346.0,11568.0,85.39790344012992
257,8203350,3159,CÀNOVES I SAMALÚS,5211216.0,2662.0,84.26717315606204
258,17401200,1074,DARNIUS,3616720.0,479.0,44.59962756052141
259,17402934,468,DAS,,,
260,44779836,11589,DELTEBRE,38588979.0,11331.0,97.77375097074813
261,8236704,5657,DOSRIUS,6581125.0,4665.0,82.46420364150609
262,43914774,488,DUESAIGÜES,,,
263,17403444,10254,"ESCALA, L'",,,
264,8238030,22324,ESPARREGUERA,9626592.0,19804.0,88.71170041211252
265,17405076,442,ESPINELVES,,,
266,25582824,658,"ESPLUGA CALBA, L'",,,
267,43915284,3739,"ESPLUGA DE FRANCOLÍ, L'",,,
268,8238642,47197,ESPLUGUES DE LLOBREGAT,11509725.0,46807.0,99.17367629298472
269,17405586,824,ESPOLLA,3566376.0,421.0,51.09223300970874
270,17406912,926,ESPONELLÀ,4232120.0,516.0,55.72354211663067
271,25584354,732,ESPOT,3661972.0,309.0,42.21311475409836
272,8240274,484,"ESPUNYOLA, L'",,,
273,8419182,2188,"ESQUIROL, L'",,,
274,25590372,250,ESTAMARIU,,,
275,8240580,816,"ESTANY, L'",,,
276,25586802,312,ESTARÀS,,,
277,25588128,1608,ESTERRI D'ÀNEU,6848478.0,822.0,51.11940298507462
278,25588740,128,ESTERRI DE CARDÓS,,,
279,43916610,2737,FALSET,23809415.0,2954.0,107.92838874680307
280,17346018,1204,"FAR D'EMPORDÀ, EL",,,
281,25591698,216,FARRERA,,,
282,43917936,1852,"FATARELLA, LA",,,
283,43918548,80,"FEBRÓ, LA",,,
284,8297394,2284,FIGARÓ-MONTMANY,3383744.0,1104.0,48.33625218914185
285,43919160,228,"FIGUERA, LA",,,
286,17408238,47282,FIGUERES,20223210.0,35995.0,76.12833636478999
287,43920486,658,FIGUEROLA DEL CAMP,6717204.0,292.0,44.37689969604863
288,17408850,2260,FLAÇÀ,5461440.0,976.0,43.1858407079646
289,43921914,3413,FLIX,28505720.0,4179.0,122.44359800761792
290,25594350,280,"FLORESTA, LA",,,
291,8242722,950,FOGARS DE MONTCLÚS,1640443.0,286.0,30.105263157894736
292,8244252,2938,FOGARS DE LA SELVA,,,
293,17409462,606,FOIXÀ,2713812.0,281.0,46.36963696369637
294,8244864,2267,FOLGUEROLES,3758595.0,2080.0,91.7512130569034
295,25594962,1552,FONDARELLA,6724924.0,708.0,45.618556701030926
296,8246394,2918,FONOLLOSA,3484204.0,1244.0,42.63193968471556
297,8246700,2828,FONT-RUBÍ,3298680.0,1212.0,42.857142857142854
298,17410788,874,FONTANALS DE CERDANYA,4301388.0,438.0,50.11441647597255
299,17412216,292,FONTANILLES,,,
300,17412930,2938,FONTCOBERTA,7408814.0,1357.0,46.18788291354663
301,25596492,406,FORADADA,,,
302,18260652,3390,FORALLAC,7590448.0,1459.0,43.03834808259587
303,17415072,2672,FORNELLS DE LA SELVA,9014544.0,2498.0,93.48802395209582
304,17415582,1574,FORTIÀ,5224644.0,645.0,40.978398983481576
305,43922628,86,FORÈS,,,
306,8248026,20384,"FRANQUESES DEL VALLÈS, LES",,,
307,43924158,770,FREGINALS,7621974.0,402.0,52.2077922077922
308,25598124,2500,"FULIOLA, LA",,,
309,25599756,204,FULLEDA,,,
310,8242008,86,FÍGOLS,,,
311,26426568,488,FÍGOLS I ALINYÀ,,,
312,8252004,366,GAIÀ,,,
313,43924770,1472,"GALERA, LA",,,
314,8249658,334,GALLIFA,,,
315,43925280,3099,GANDESA,23814392.0,3056.0,98.61245563084866
316,43926606,1054,GARCIA,10120275.0,512.0,48.57685009487666
317,43927932,380,"GARIDELLS, ELS",,,
318,8250270,16684,"GARRIGA, LA",,,
319,17418234,334,GARRIGOLES,,,
320,17418846,1706,GARRIGUELLA,5413409.0,787.0,46.13130128956623
321,17416908,902,GARRIGÀS,3671125.0,354.0,39.24611973392461
322,25600368,522,GAVET DE LA CONCA,,,
323,8251596,47104,GAVÀ,11445935.0,42006.0,89.17713994565217
324,8253738,7677,GELIDA,6853077.0,6537.0,85.15044939429465
325,17420478,898,GER,3893784.0,389.0,43.318485523385306
326,26430546,2240,GIMENELLS I EL PLA DE LA FONT,11168072.0,1192.0,53.214285714285715
327,43928544,1528,GINESTAR,13867574.0,892.0,58.37696335078534
328,17420784,103472,GIRONA,24952419.0,89598.0,86.59154167310963
329,8254248,4950,GIRONELLA,4903752.0,4957.0,100.14141414141413
330,8254860,52,GISCLARENY,,,
331,43930176,1196,GODALL,11111544.0,679.0,56.77257525083612
332,25601694,3710,GOLMÉS,10416085.0,1621.0,43.692722371967655
333,17422212,384,GOMBRÈN,,,
334,8256390,2210,"GRANADA, LA",,,
335,25603836,1432,"GRANADELLA, LA",,,
336,8257716,154,GRANERA,,,
337,25604346,1844,"GRANJA D'ESCARP, LA",,,
338,8258022,62481,GRANOLLERS,11520608.0,57034.0,91.28214977353115
339,25605978,286,GRANYANELLA,,,
340,25606488,302,GRANYENA DE SEGARRA,,,
341,25607814,280,GRANYENA DE LES GARRIGUES,,,
342,43930482,474,GRATALLOPS,5555901.0,207.0,43.67088607594937
343,8259654,3096,GUALBA,3352158.0,1201.0,38.791989664082685
344,17422926,804,GUALTA,3347876.0,338.0,42.039800995024876
345,8261592,1882,GUARDIOLA DE BERGUEDÀ,2316314.0,909.0,48.29968119022317
346,43931910,556,"GUIAMETS, ELS",,,
347,17424456,1098,GUILS DE CERDANYA,4150926.0,387.0,35.24590163934426
348,25611690,542,GUIMERÀ,3138625.0,289.0,53.321033210332104
349,26421162,578,"GUINGUETA D'ÀNEU, LA",,,
350,25613118,7255,GUISSONA,15116220.0,5838.0,80.46864231564437
351,25613832,264,GUIXERS,,,
352,8262000,2715,GURB,4617000.0,2696.0,99.3001841620626
353,25602102,412,GÓSOL,,,
354,43932624,2292,HORTA DE SANT JOAN,13308939.0,1151.0,50.218150087260035
355,8263734,16701,"HOSPITALET DE LLOBREGAT, L'",,,
356,8326158,2982,"HOSTALETS DE PIEROLA, ELS",,,
357,17425068,4295,HOSTALRIC,10676875.0,3638.0,84.70314318975552
358,8264244,40782,IGUALADA,10305744.0,37555.0,92.08719533127359
359,25617810,2084,ISONA I CONCA DELLÀ,6680590.0,1156.0,55.470249520153544
360,17426598,562,ISÒVOL,3228876.0,240.0,42.704626334519574
361,25615974,3074,IVARS D'URGELL,9542940.0,1551.0,50.45543266102798
362,25614342,664,IVARS DE NOGUERA,4043032.0,279.0,42.01807228915663
363,25616484,216,IVORRA,,,
364,17426904,774,JAFRE,3417000.0,355.0,45.8656330749354
365,17428230,3323,"JONQUERA, LA",,,
366,8265876,1666,JORBA,2414694.0,674.0,40.45618247298919
367,26428302,206,JOSA I TUIXÉN,,,
368,17428842,638,JUIÀ,2870616.0,262.0,41.06583072100313
369,25620360,790,JUNCOSA,4847774.0,401.0,50.75949367088608
370,25621686,3504,JUNEDA,15046281.0,3796.0,108.33333333333333
371,25623828,1942,LES,7561421.0,705.0,36.30278063851699
372,25625358,2719,LINYOLA,12284658.0,2514.0,92.46046340566384
373,8266386,1806,"LLACUNA, LA",,,
374,25625970,474,LLADORRE,,,
375,25626480,360,LLADURS,,,
376,17430474,1688,LLADÓ,5570688.0,778.0,46.09004739336493
377,8267712,13600,"LLAGOSTA, LA",,,
378,17430780,8655,LLAGOSTERA,12628771.0,7366.0,85.10687463893703
379,17432208,1426,LLAMBILLES,4819380.0,625.0,43.8288920056101
380,17432922,1070,LLANARS,3640383.0,495.0,46.26168224299065
381,17434452,4779,LLANÇÀ,10050096.0,4550.0,95.20820255283532
382,25627806,888,LLARDECANS,5854125.0,525.0,59.12162162162162
383,25629132,692,LLAVORSÍ,3316632.0,295.0,42.630057803468205
384,25623114,99575,LLEIDA,40292480.0,133597.0,134.16721064524228
385,17435064,2474,LLERS,6717549.0,1095.0,44.26030719482619
386,25629744,540,LLES DE CERDANYA,3166002.0,207.0,38.333333333333336
387,25631376,292,LLIMIANA,,,
388,8269038,10028,LLINARS DEL VALLÈS,7627746.0,9715.0,96.87873952931791
389,8269650,15484,LLIÇÀ D'AMUNT,8852844.0,13909.0,89.82820976491863
390,8270262,6503,LLIÇÀ DE VALL,6908016.0,6417.0,98.67753344610179
391,43934154,210,"LLOAR, EL",,,
392,25631682,376,LLOBERA,,,
393,43934766,182,LLORAC,,,
394,43936296,2397,LLORENÇ DEL PENEDÈS,22226184.0,2438.0,101.7104714226116
395,17436900,39128,LLORET DE MAR,18035225.0,26823.0,68.55193212022081
396,17438226,424,"LLOSSES, LES",,,
397,8271588,552,LLUÇÀ,1240677.0,214.0,38.768115942028984
398,17436594,2862,LLÍVIA,6307686.0,1225.0,42.80223619846261
399,17439858,576,MADREMANYA,2359386.0,206.0,35.76388888888889
400,25635966,1818,MAIALS,7791230.0,925.0,50.88008800880088
401,17440470,926,MAIÀ DE MONTCAL,3248620.0,391.0,42.22462203023758
402,25633110,454,MALDÀ,3166380.0,253.0,55.72687224669603
403,8273016,18790,MALGRAT DE MAR,8101890.0,17772.0,94.58222458754658
404,8273730,544,MALLA,1232872.0,225.0,41.36029411764706
405,8274240,20932,MANLLEU,7438704.0,16696.0,79.7630422319893
406,8275872,78323,MANRESA,11642155.0,69805.0,89.12452280939188
407,43936602,212,MARGALEF,,,
408,8407146,532,MARGANELL,1228058.0,201.0,37.78195488721804
409,8276382,28800,MARTORELL,9696230.0,24433.0,84.83680555555554
410,8277708,4824,MARTORELLES,6297240.0,4769.0,98.85986733001658
411,43937928,1200,MARÇÀ,11544368.0,546.0,45.5
412,43938540,1128,MAS DE BARBERANS,11458482.0,616.0,54.60992907801418
413,17442204,576,MASARAC,2684700.0,268.0,46.52777777777778
414,43940172,2142,MASDENVERGE,15895782.0,1068.0,49.85994397759104
415,8279034,1438,"MASIES DE RODA, LES",,,
416,8279646,3135,"MASIES DE VOLTREGÀ, LES",,,
417,43941498,1010,MASLLORENÇ,9089669.0,442.0,43.76237623762376
418,8281278,23854,"MASNOU, EL",,,
419,43942620,1646,MASPUJOLS,12924300.0,701.0,42.588092345078984
420,8281584,9411,MASQUEFA,7566908.0,7917.0,84.12496015301242
421,43944150,984,"MASROIG, EL",,,
422,25633824,1220,MASSALCOREIG,5428296.0,564.0,46.22950819672131
423,17443938,1592,MASSANES,4326553.0,533.0,33.47989949748744
424,25635354,424,MASSOTERES,3040972.0,170.0,40.09433962264151
425,43941906,560,"MASÓ, LA",,,
426,8283012,9505,MATADEPERA,7778960.0,9111.0,95.85481325618096
427,8283726,102927,MATARÓ,13342803.0,115202.0,111.92592808495341
428,17444448,1396,MAÇANET DE CABRENYS,4463622.0,646.0,46.27507163323782
429,17445060,7073,MAÇANET DE LA SELVA,11732658.0,5687.0,80.40435458786936
430,8285256,2371,MEDIONA,4320904.0,1974.0,83.25601012231127
431,25637496,1626,MENÀRGUENS,7188324.0,776.0,47.724477244772444
432,17441796,200,MERANGES,,,
433,17447916,690,MIERES,2240755.0,188.0,27.246376811594203
434,43944762,380,"MILÀ, EL",,,
435,25637802,2770,MIRALCAMP,9149140.0,1254.0,45.27075812274368
436,43946292,1412,MIRAVET,13140620.0,740.0,52.40793201133145
437,8301270,6389,MOIÀ,6152328.0,5488.0,85.89763656284238
438,43947618,582,"MOLAR, EL",,,
439,8285868,25965,MOLINS DE REI,10088766.0,24988.0,96.2372424417485
440,25639740,14663,MOLLERUSSA,20989395.0,12710.0,86.68076109936575
441,17448222,396,MOLLET DE PERALADA,,,
442,8287398,51651,MOLLET DEL VALLÈS,11194872.0,47271.0,91.5200092931405
443,17449854,672,MOLLÓ,2822655.0,293.0,43.601190476190474
444,25639128,208,"MOLSOSA, LA",,,
445,8291274,1404,MONISTROL DE CALDERS,2454656.0,664.0,47.293447293447294
446,8289642,3142,MONISTROL DE MONTSERRAT,4933089.0,2767.0,88.0649267982177
447,43953636,336,MONT-RAL,,,
448,17452200,3360,MONT-RAS,7562620.0,1588.0,47.26190476190476
449,43954146,12472,MONT-ROIG DEL CAMP,35766360.0,10290.0,82.50481077613856
450,17451792,1860,MONTAGUT I OIX,4927392.0,811.0,43.60215053763441
451,43947924,7386,MONTBLANC,29858598.0,7291.0,98.7137828323856
452,43950168,2911,MONTBRIÓ DEL CAMP,21457824.0,2189.0,75.19752662315355
453,8287704,36839,MONTCADA I REIXAC,11050000.0,30591.0,83.03971334726783
454,8293008,278,MONTCLAR,,,
455,25642698,1156,MONTELLÀ I MARTINET,5530580.0,515.0,44.550173010380625
456,8293722,2060,MONTESQUIU,2585658.0,914.0,44.36893203883495
457,25643106,2068,MONTFERRER I CASTELLBÒ,6838080.0,631.0,30.51257253384913
458,43951494,806,MONTFERRI,7885287.0,309.0,38.33746898263028
459,25641372,1286,MONTGAI,5505222.0,657.0,51.08864696734059
460,8289030,12212,MONTGAT,8816710.0,10874.0,89.04356370782837
461,8295252,938,MONTMAJOR,1845964.0,382.0,40.72494669509595
462,8295864,302,MONTMANEU,,,
463,43951902,3164,"MONTMELL, EL",,,
464,8297700,8839,MONTMELÓ,7858410.0,8881.0,100.47516687408078
465,25645350,966,MONTOLIU DE LLEIDA,6562062.0,505.0,52.27743271221532
466,25643820,374,MONTOLIU DE SEGARRA,,,
467,25645962,192,MONTORNÈS DE SEGARRA,,,
468,8299026,16660,MONTORNÈS DEL VALLÈS,8933328.0,14586.0,87.55102040816325
469,8300658,702,MONTSENY,1602989.0,297.0,42.30769230769231
470,43957614,3745,"MORELL, EL",,,
471,43957920,318,"MORERA DE MONTSANT, LA",,,
472,8291580,1264,MUNTANYOLA,2097282.0,452.0,35.75949367088608
473,8302596,440,MURA,,,
474,43955778,5700,MÓRA D'EBRE,32707587.0,5573.0,97.7719298245614
475,43956288,3111,MÓRA LA NOVA,24175734.0,2939.0,94.47123111539698
476,25648818,180,NALEC,,,
477,25525908,3672,NAUT ARAN,9159150.0,1389.0,37.826797385620914
478,8303004,6063,NAVARCLES,6243380.0,5887.0,97.0971466270823
479,17453934,2854,NAVATA,6639068.0,1182.0,41.41555711282411
480,8304738,6024,NAVÀS,6122032.0,6112.0,101.46082337317397
481,25649124,568,NAVÈS,4299966.0,233.0,41.021126760563384
482,8305248,324,"NOU DE BERGUEDÀ, LA",,,
483,43959552,1200,"NOU DE GAIÀ, LA",,,
484,43960164,1018,NULLES,10214226.0,402.0,39.489194499017685
485,25651368,516,ODÈN,,,
486,17454444,480,OGASSA,,,
487,8309022,3680,OLESA DE BONESVALLS,4675804.0,1567.0,42.58152173913044
488,8310654,24168,OLESA DE MONTSERRAT,9458667.0,20663.0,85.49735187024164
489,25652694,3686,OLIANA,10311090.0,2413.0,65.4639175257732
490,25653000,406,OLIOLA,,,
491,25654734,1962,OLIUS,8727397.0,783.0,39.908256880733944
492,8311266,3938,OLIVELLA,5451012.0,2713.0,68.89283900457085
493,8312592,2404,OLOST,3006981.0,1151.0,47.87853577371048
494,17456586,35961,OLOT,17969700.0,31078.0,86.42140096215344
495,25655244,342,"OLUGES, LES",,,
496,8307390,1716,OLVAN,2321040.0,790.0,46.03729603729604
497,8308716,3771,OLÈRDOLA,5310540.0,3087.0,81.86157517899761
498,25656876,412,"OMELLONS, ELS",,,
499,25657386,260,"OMELLS DE NA GAIA, ELS",,,
500,17457912,722,ORDIS,3388770.0,322.0,44.59833795013851
501,25658712,1542,ORGANYÀ,6691230.0,858.0,55.6420233463035
502,8314632,1098,ORISTÀ,1964391.0,526.0,47.90528233151184
503,8315142,302,ORPÍ,,,
504,8313918,644,ORÍS,1271400.0,203.0,31.521739130434785
505,25660038,1960,OS DE BALAGUER,8351792.0,912.0,46.53061224489796
506,17459238,856,OSOR,3508780.0,351.0,41.00467289719626
507,25660650,406,OSSÓ DE SIÓ,,,
508,8317284,1836,PACS DEL PENEDÈS,2739744.0,758.0,41.28540305010893
509,8318610,9622,PALAFOLLS,6320125.0,8024.0,83.3922261484099
510,17459850,23267,PALAFRUGELL,15781874.0,19412.0,83.43146946318821
511,17460462,18153,PALAMÓS,16193628.0,17549.0,96.67272627113975
512,25661262,2168,"PALAU D'ANGLESOLA, EL",,,
513,17461788,180,PALAU DE SANTA EULÀLIA,,,
514,17463930,620,PALAU-SATOR,2739360.0,253.0,40.806451612903224
515,17463216,2912,PALAU-SAVERDERA,5992000.0,1133.0,38.907967032967036
516,8319936,14906,PALAU-SOLITÀ I PLEGAMANS,9020536.0,14208.0,95.31732188380518
517,43962918,4854,"PALLARESOS, ELS",,,
518,8320548,11633,PALLEJÀ,8311983.0,10965.0,94.25771512077709
519,43961490,676,"PALMA D'EBRE, LA",,,
520,9083916,2994,"PALMA DE CERVELLÓ, LA",,,
521,17466072,896,PALOL DE REVARDIT,3835552.0,410.0,45.75892857142857
522,17466582,2397,PALS,8990100.0,2054.0,85.69044639132248
523,8321160,4176,"PAPIOL, EL",,,
524,17467908,338,PARDINES,,,
525,8322486,19090,PARETS DEL VALLÈS,9089126.0,17927.0,93.9078051335778
526,17469234,782,PARLAVÀ,3459452.0,393.0,50.25575447570333
527,43963632,310,PASSANANT I BELLTALL,,,
528,17471478,1114,PAU,3716776.0,412.0,36.983842010771994
529,43964142,1090,PAÜLS,11249622.0,578.0,53.027522935779814
530,17471784,382,PEDRET I MARZÀ,,,
531,25667382,872,PENELLES,4906980.0,504.0,57.798165137614674
532,17473212,870,"PERA, LA",,,
533,8323914,810,PERAFITA,1509600.0,348.0,42.96296296296296
534,43965774,2528,PERAFORT,13577445.0,986.0,39.00316455696203
535,17475456,3796,PERALADA,7863588.0,1794.0,47.26027397260274
536,25668708,694,PERAMOLA,4504535.0,323.0,46.54178674351585
537,43966284,2828,"PERELLÓ, EL",,,
538,8324628,16150,PIERA,8609855.0,13496.0,83.56656346749226
539,43967610,420,"PILES, LES",,,
540,8326770,28011,PINEDA DE MAR,9632340.0,25055.0,89.44700296312163
541,43968936,2016,"PINELL DE BRAI, EL",,,
542,25670034,386,PINELL DE SOLSONÈS,,,
543,25670646,572,PINÓS,3951219.0,207.0,36.18881118881119
544,43969548,1006,PIRA,9009363.0,457.0,45.42743538767396
545,43970160,2350,"PLA DE SANTA MARIA, EL",,,
546,8327280,2550,"PLA DEL PENEDÈS, EL",,,
547,17476068,3424,"PLANES D'HOSTOLES, LES",,,
548,17477598,608,PLANOLES,2021812.0,241.0,39.63815789473684
549,26430036,982,"PLANS DE SIÓ, ELS",,,
550,25672278,1340,"POAL, EL",,,
551,8328606,2187,"POBLA DE CLARAMUNT, LA",,,
552,25672584,378,"POBLA DE CÉRVOLES, LA",,,
553,8329932,2186,"POBLA DE LILLET, LA",,,
554,43971486,3974,"POBLA DE MAFUMET, LA",,,
555,43972914,634,"POBLA DE MASSALUCA, LA",,,
556,43973628,2886,"POBLA DE MONTORNÈS, LA",,,
557,25674726,3046,"POBLA DE SEGUR, LA",,,
558,43975158,642,POBOLEDA,4699208.0,270.0,42.05607476635514
559,8330544,8512,POLINYÀ,7137958.0,7042.0,82.73026315789474
560,43975770,976,"PONT D'ARMENTERA, EL",,,
561,25531212,304,"PONT DE BAR, EL",,,
562,17477904,1032,PONT DE MOLINS,3786835.0,477.0,46.22093023255814
563,25676868,2259,"PONT DE SUERT, EL",,,
564,8346150,3910,"PONT DE VILOMARA I ROCAFORT, EL",,,
565,44004636,244,PONTILS,,,
566,8332176,1056,PONTONS,1527416.0,366.0,34.659090909090914
567,25676256,2646,PONTS,12032216.0,3030.0,114.51247165532881
568,17479230,520,PONTÓS,2758896.0,229.0,44.03846153846154
569,17479842,4681,PORQUERES,10350748.0,4266.0,91.13437299722281
570,43976280,848,PORRERA,8450344.0,404.0,47.64150943396226
571,17483208,1916,"PORT DE LA SELVA, EL",,,
572,17481474,2126,PORTBOU,5107124.0,1077.0,50.658513640639704
573,25678398,1486,"PORTELLA, LA",,,
574,43977606,316,PRADELL DE LA TEIXETA,,,
575,43978932,1176,PRADES,9442404.0,489.0,41.58163265306122
576,43979544,354,PRAT DE COMTE,,,
577,8332482,65450,"PRAT DE LLOBREGAT, EL",,,
578,43981176,1452,PRATDIP,10951972.0,637.0,43.870523415977964
579,8334624,2606,PRATS DE LLUÇANÈS,4314288.0,2699.0,103.5686876438987
580,8333910,1074,"PRATS DE REI, ELS",,,
581,25678704,444,PRATS I SANSOR,3927300.0,199.0,44.81981981981982
582,25680030,774,PREIXANA,4632384.0,436.0,56.33074935400517
583,25680642,836,PREIXENS,5589294.0,396.0,47.368421052631575
584,8394906,10451,PREMIÀ DE DALT,8600350.0,9513.0,91.02478231748158
585,8336154,28559,PREMIÀ DE MAR,10648116.0,27381.0,95.8752057144858
586,17481780,3710,"PRESES, LES",,,
587,25682580,452,PRULLANS,,,
588,8338602,4299,PUIG-REIG,5264700.0,4661.0,108.42056292160969
589,17483922,9495,PUIGCERDÀ,12650058.0,8432.0,88.80463401790416
590,8338296,1048,PUIGDÀLBER,2059848.0,462.0,44.083969465648856
591,25684008,556,PUIGGRÒS,3877720.0,246.0,44.24460431654676
592,43981482,2326,PUIGPELAT,15565959.0,949.0,40.799656061908856
593,25684722,458,PUIGVERD D'AGRAMUNT,,,
594,25686252,2698,PUIGVERD DE LLEIDA,11331900.0,1384.0,51.29725722757599
595,8339928,420,PUJALT,,,
596,8340540,98,"QUAR, LA",,,
597,17485452,3801,QUART,9856650.0,3313.0,87.16127334911864
598,17384166,376,QUERALBS,,,
599,43982910,1036,QUEROL,8149680.0,322.0,31.08108108108108
600,17486064,368,RABÓS,,,
601,8342172,1068,RAJADELL,1930008.0,360.0,33.70786516853933
602,43983624,1566,RASQUERA,13798720.0,895.0,57.15197956577267
603,17487594,552,REGENCÓS,2760184.0,218.0,39.492753623188406
604,8343498,1618,RELLINARS,2224688.0,476.0,29.419035846724352
605,43985154,324,RENAU,,,
606,43985766,106274,REUS,63822040.0,99586.0,93.70683328001205
607,25686864,1282,RIALP,5540260.0,473.0,36.89547581903276
608,43987296,1170,"RIBA, LA",,,
609,43987602,2220,RIBA-ROJA D'EBRE,16128750.0,1301.0,58.6036036036036
610,26424018,866,RIBERA D'ONDARA,5569575.0,371.0,42.840646651270205
611,25688700,1864,RIBERA D'URGELLET,6069585.0,678.0,36.37339055793991
612,17487900,3520,RIBES DE FRESER,5417820.0,1860.0,52.84090909090909
613,17489226,4157,RIELLS I VIABREA,11333506.0,3093.0,74.40461871541977
614,43988928,3484,"RIERA DE GAIÀ, LA",,,
615,25690026,526,RINER,3777900.0,197.0,37.452471482889734
616,17490858,10813,RIPOLL,12465869.0,10530.0,97.38277998705263
617,8343906,39218,RIPOLLET,11157520.0,34300.0,87.45983986944769
618,26432178,186,RIU DE CERDANYA,,,
619,17491470,2206,RIUDARENES,7888080.0,1780.0,80.68902991840436
620,17492796,962,RIUDAURA,3515545.0,363.0,37.733887733887734
621,43989540,2292,RIUDECANYES,14102529.0,930.0,40.575916230366495
622,43991172,2378,RIUDECOLS,15482952.0,1041.0,43.776282590412116
623,17493102,2073,RIUDELLOTS DE LA SELVA,7700350.0,1934.0,93.29474191992281
624,43992498,6575,RIUDOMS,28896430.0,6208.0,94.41825095057034
625,17494836,492,RIUMORS,,,
626,8344620,10764,"ROCA DEL VALLÈS, LA",,,
627,43992906,422,ROCAFORT DE QUERALT,5132470.0,210.0,49.763033175355446
628,43993620,6791,RODA DE BERÀ,31830678.0,6199.0,91.2825798851421
629,8346762,6496,RODA DE TER,5384414.0,5612.0,86.39162561576354
630,43995150,988,RODONYÀ,10265416.0,460.0,46.558704453441294
631,43995762,8087,ROQUETES,38000173.0,7848.0,97.04463954494868
632,17495346,19826,ROSES,14939392.0,14977.0,75.54221729042672
633,25693596,3240,ROSSELLÓ,16272094.0,2849.0,87.9320987654321
634,43997292,744,"ROURELL, EL",,,
635,8349618,478,RUBIÓ,,,
636,8348292,78669,RUBÍ,12030480.0,65751.0,83.57930061396483
637,9079938,542,RUPIT I PRUIT,1174932.0,230.0,42.435424354243544
638,17496978,546,RUPIÀ,2761633.0,259.0,47.43589743589743
639,8351556,33410,SABADELL,14638356.0,205586.0,615.3427117629452
640,8352168,290,SAGÀS,,,
641,8353902,556,SALDES,1081080.0,234.0,42.086330935251794
642,17497488,318,SALES DE LLIERCA,,,
643,8355636,6741,SALLENT,6094104.0,6745.0,100.0593383770954
644,43998618,1098,SALOMÓ,8842675.0,450.0,40.98360655737705
645,44783814,28554,SALOU,42148800.0,21158.0,74.09819990194019
646,17498814,32170,SALT,18990585.0,21645.0,67.28318308983525
647,25694004,654,SALÀS DE PALLARS,3954830.0,347.0,53.05810397553516
648,25695738,758,SANAÜJA,4836672.0,383.0,50.52770448548812
649,8358288,37484,SANT ADRIÀ DE BESÒS,11487988.0,31516.0,84.07854017714224
650,8359614,178,SANT AGUSTÍ DE LLUÇANÈS,,,
651,17500752,320,SANT ANDREU SALOU,,,
652,8361552,11144,SANT ANDREU DE LLAVANERES,8492092.0,10284.0,92.28284278535534
653,8359920,27596,SANT ANDREU DE LA BARCA,10040100.0,24621.0,89.21945209450645
654,17526966,690,SANT ANIOL DE FINESTRES,2732097.0,253.0,36.666666666666664
655,8362164,6214,SANT ANTONI DE VILAMAJOR,6853528.0,5619.0,90.42484711940779
656,8363490,1768,SANT BARTOMEU DEL GRAU,2558088.0,792.0,44.79638009049774
657,8364918,84584,SANT BOI DE LLOBREGAT,12652600.0,79521.0,94.01423437056654
658,8365632,1160,SANT BOI DE LLUÇANÈS,2083054.0,815.0,70.25862068965517
659,43998924,14967,SANT CARLES DE LA RÀPITA,40590976.0,14622.0,97.6949288434556
660,8367774,3441,SANT CEBRIÀ DE VALLALTA,5496010.0,2668.0,77.53560011624528
661,8366142,18154,SANT CELONI,8308626.0,16325.0,89.92508538063237
662,17501364,1414,SANT CLIMENT SESCEBES,3929182.0,504.0,35.64356435643564
663,8368284,4164,SANT CLIMENT DE LLOBREGAT,5890472.0,3731.0,89.60134486071085
664,8370936,2018,SANT CUGAT SESGARRIGUES,3060838.0,990.0,49.05847373637265
665,8369610,93069,SANT CUGAT DEL VALLÈS,12504420.0,82225.0,88.34842965971484
666,8372160,7703,SANT ESTEVE SESROVIRES,8076672.0,8361.0,108.5421264442425
667,8371548,2866,SANT ESTEVE DE PALAUTORDERA,4915993.0,2326.0,81.15840893230984
668,25700022,244,SANT ESTEVE DE LA SARGA,,,
669,8377158,1210,SANT FELIU SASSERRA,2217240.0,628.0,51.90082644628099
670,17502690,1594,SANT FELIU DE BUIXALLEU,5319290.0,594.0,37.26474278544542
671,8374914,6369,SANT FELIU DE CODINES,6929240.0,5391.0,84.64437117286859
672,17504118,22119,SANT FELIU DE GUÍXOLS,16490760.0,19260.0,87.0744608707446
673,8375628,45512,SANT FELIU DE LLOBREGAT,11002740.0,44224.0,97.16997714888382
674,17504832,2874,SANT FELIU DE PALLEROLS,5834740.0,1420.0,49.40848990953375
675,17505342,472,SANT FERRIOL,,,
676,8373486,8861,SANT FOST DE CAMPSENTELLES,7782132.0,8894.0,100.37241846292744
677,8377770,8845,SANT FRUITÓS DE BAGES,6537548.0,7639.0,86.36517806670435
678,17506974,3931,SANT GREGORI,10366452.0,3903.0,99.28771305011448
679,25696248,2074,SANT GUIM DE FREIXENET,8817200.0,974.0,46.962391513982645
680,25701654,362,SANT GUIM DE LA PLANA,,,
681,17507484,5708,SANT HILARI SACALM,11482716.0,5027.0,88.06937631394534
682,8379606,3543,SANT HIPÒLIT DE VOLTREGÀ,4887925.0,3255.0,91.87129551227773
683,8357778,2684,SANT ISCLE DE VALLALTA,3473832.0,1073.0,39.97764530551416
684,44780346,3530,SANT JAUME D'ENVEJA,25682670.0,3409.0,96.57223796033995
685,8380932,60,SANT JAUME DE FRONTANYÀ,,,
686,17508810,1742,SANT JAUME DE LLIERCA,4686045.0,801.0,45.98163030998852
687,44000556,2626,SANT JAUME DELS DOMENYS,21223404.0,2198.0,83.70144706778369
688,8381544,34301,SANT JOAN DESPÍ,10821789.0,33198.0,96.78435031048657
689,17511360,996,SANT JOAN DE MOLLET,4377840.0,470.0,47.18875502008032
690,8383176,11008,SANT JOAN DE VILATORRADA,6977082.0,10296.0,93.53197674418605
691,17510748,3227,SANT JOAN DE LES ABADESSES,8154325.0,3441.0,106.6315463278587
692,17528802,3047,SANT JOAN LES FONTS,8128505.0,3134.0,102.85526747620611
693,17510136,1520,SANT JORDI DESVALLS,4634820.0,706.0,46.44736842105263
694,9081060,458,SANT JULIÀ DE CERDANYOLA,,,
695,17512686,3579,SANT JULIÀ DE RAMIS,9837837.0,3189.0,89.10310142497904
696,8384910,3143,SANT JULIÀ DE VILATORTA,4808700.0,2932.0,93.28666878778238
697,18261264,2626,SANT JULIÀ DEL LLOR I BONMATÍ,6713625.0,1121.0,42.68849961919269
698,8385624,18688,SANT JUST DESVERN,9930968.0,18233.0,97.56528253424658
699,8387766,2419,SANT LLORENÇ SAVALL,5131152.0,2268.0,93.7577511368334
700,8387154,2430,SANT LLORENÇ D'HORTONS,5015420.0,2245.0,92.38683127572016
701,25696860,1920,SANT LLORENÇ DE MORUNYS,8515234.0,1054.0,54.895833333333336
702,17514828,530,SANT LLORENÇ DE LA MUGA,2661505.0,222.0,41.88679245283019
703,8391540,3264,SANT MARTÍ SARROCA,4681163.0,2828.0,86.6421568627451
704,8393172,684,SANT MARTÍ SESGUEIOLES,1851300.0,344.0,50.29239766081871
705,17516970,502,SANT MARTÍ VELL,2301182.0,204.0,40.63745019920319
706,8389602,228,SANT MARTÍ D'ALBARS,,,
707,8389296,2368,SANT MARTÍ DE CENTELLES,3560992.0,1004.0,42.39864864864865
708,17516358,1282,SANT MARTÍ DE LLÉMENA,4241484.0,498.0,38.84555382215289
709,26420550,1278,SANT MARTÍ DE RIUCORB,6320088.0,718.0,56.18153364632238
710,8390928,2456,SANT MARTÍ DE TOUS,2722806.0,1050.0,42.75244299674267
711,8394498,1216,SANT MATEU DE BAGES,2542761.0,650.0,53.45394736842105
712,17517480,458,SANT MIQUEL DE CAMPMAJOR,2043706.0,186.0,40.61135371179039
713,17518806,1522,SANT MIQUEL DE FLUVIÀ,5169675.0,686.0,45.07227332457293
714,17520132,332,SANT MORI,,,
715,17520744,1376,SANT PAU DE SEGÚRIES,4843914.0,737.0,53.56104651162791
716,17522376,3069,SANT PERE PESCADOR,7111692.0,1622.0,52.85109156076898
717,8353494,302,SANT PERE SALLAVINERA,,,
718,8395620,31142,SANT PERE DE RIBES,9696118.0,26451.0,84.93674137820307
719,8397150,2382,SANT PERE DE RIUDEBITLLES,4412352.0,2181.0,91.5617128463476
720,8397762,2472,SANT PERE DE TORELLÓ,3951840.0,2153.0,87.09546925566343
721,8399292,4548,SANT PERE DE VILAMAJOR,6241372.0,3866.0,85.00439753737908
722,8400618,5433,SANT POL DE MAR,6522120.0,4862.0,89.4901527701086
723,8400924,2319,SANT QUINTÍ DE MEDIONA,4225068.0,1939.0,83.61362656317378
724,8404494,1262,SANT QUIRZE SAFAJA,2150379.0,430.0,34.0729001584786
725,8402556,2156,SANT QUIRZE DE BESORA,4275003.0,2293.0,106.3543599257885
726,8403168,20215,SANT QUIRZE DEL VALLÈS,9852648.0,19352.0,95.73089290131091
727,25698390,974,SANT RAMON,5895396.0,462.0,47.43326488706365
728,8404902,12853,SANT SADURNÍ D'ANOIA,7778560.0,11936.0,92.86547887652688
729,8406636,152,SANT SADURNÍ D'OSORMORT,,,
730,8260266,3224,SANT SALVADOR DE GUARDIOLA,4850702.0,2910.0,90.2605459057072
731,8428056,9776,SANT VICENÇ DE CASTELLET,7444062.0,8738.0,89.3821603927987
732,8430198,6458,SANT VICENÇ DE MONTALT,6793008.0,5434.0,84.14369773923815
733,8430504,2060,SANT VICENÇ DE TORELLÓ,3892815.0,1916.0,93.00970873786409
734,8428668,28296,SANT VICENÇ DELS HORTS,10642744.0,25012.0,88.39411931014985
735,44001168,3718,SANTA BÀRBARA,28255390.0,3733.0,100.40344271113501
736,8408778,364,SANTA CECÍLIA DE VOLTREGÀ,,,
737,8409288,8276,SANTA COLOMA DE CERVELLÓ,7938972.0,7912.0,95.60173997100048
738,17524110,13376,SANTA COLOMA DE FARNERS,15393280.0,11667.0,87.22338516746412
739,8410614,103386,SANTA COLOMA DE GRAMENET,13934050.0,105281.0,101.83293676126361
740,44002494,2674,SANTA COLOMA DE QUERALT,23899006.0,2886.0,107.92819745699327
741,17524824,5292,SANTA CRISTINA D'ARO,11167650.0,4275.0,80.78231292517006
742,8410920,2280,SANTA EUGÈNIA DE BERGA,4015802.0,2126.0,93.24561403508773
743,8412552,2766,SANTA EULÀLIA DE RIUPRIMER,2886450.0,1116.0,40.3470715835141
744,8413164,7433,SANTA EULÀLIA DE RONÇANA,7200504.0,6566.0,88.33579981165074
745,8414490,734,SANTA FE DEL PENEDÈS,1699294.0,329.0,44.822888283378745
746,17526354,736,SANTA LLOGAIA D'ÀLGUEMA,2800666.0,294.0,39.94565217391305
747,8415816,10235,SANTA MARGARIDA DE MONTBUI,6880500.0,8461.0,82.66731802638006
748,8416530,7683,SANTA MARGARIDA I ELS MONJOS,6155246.0,6261.0,81.49160484185865
749,8424078,2048,SANTA MARIA D'OLÓ,2898558.0,977.0,47.705078125
750,8418672,322,SANTA MARIA DE BESORA,,,
751,8421834,1780,SANTA MARIA DE MARTORELLES,3153792.0,770.0,43.258426966292134
752,8420508,368,SANTA MARIA DE MERLÈS,,,
753,8422446,238,SANTA MARIA DE MIRALLES,,,
754,8424384,9639,SANTA MARIA DE PALAUTORDERA,7515690.0,8316.0,86.27450980392157
755,44002902,3356,SANTA OLIVA,25538880.0,2777.0,82.74731823599524
756,17528496,3228,SANTA PAU,6512736.0,1475.0,45.69392812887237
757,8425812,26024,SANTA PERPÈTUA DE MOGODA,10325000.0,22898.0,87.98801106670766
758,8426526,3551,SANTA SUSANNA,5047471.0,2665.0,75.04928189242467
759,8356146,7611,SANTPEDOR,6094848.0,7211.0,94.74444882407043
760,44005146,3076,SARRAL,15746830.0,1327.0,43.1404421326398
761,17530128,5234,SARRIÀ DE TER,11256830.0,5042.0,96.33167749331295
762,25705734,232,SARROCA DE BELLERA,,,
763,25704000,716,SARROCA DE LLEIDA,5468400.0,438.0,61.1731843575419
764,17530740,1712,"SAUS, CAMALLERA I LLAMPAIES",5431092.0,768.0,44.85981308411215
765,44006778,106,SAVALLÀ DEL COMTAT,,,
766,44007288,3416,"SECUITA, LA",,,
767,17532372,390,"SELVA DE MAR, LA",,,
768,44008614,5688,"SELVA DEL CAMP, LA",,,
769,44008920,88,SENAN,,,
770,25706244,278,SENTERADA,,,
771,25535904,828,"SENTIU DE SIÓ, LA",,,
772,8432442,9244,SENTMENAT,7713111.0,8020.0,86.75897879705755
773,17534106,2266,SERINYÀ,5775840.0,873.0,38.526037069726385
774,17534820,444,SERRA DE DARÓ,2423931.0,212.0,47.74774774774775
775,25708386,2845,SERÒS,11114964.0,1869.0,65.69420035149385
776,17536350,340,SETCASES,,,
777,25707876,12218,"SEU D'URGELL, LA",,,
778,8434380,3547,SEVA,5068897.0,3054.0,86.10093036368762
779,25709712,1496,SIDAMON,6830555.0,728.0,48.663101604278076
780,17536962,6225,SILS,12086679.0,5308.0,85.26907630522088
781,8435808,29582,SITGES,9932270.0,25780.0,87.14758975052396
782,17393448,342,SIURANA,,,
783,8436522,156,SOBREMUNT,,,
784,25711038,664,"SOLERÀS, EL",,,
785,44010552,1264,SOLIVELLA,10441574.0,682.0,53.95569620253164
786,25711650,9146,SOLSONA,20089979.0,8401.0,91.85436256286901
787,8438052,424,SORA,,,
788,25712262,840,SORIGUERA,3428288.0,204.0,24.285714285714285
789,25713588,2156,SORT,11394468.0,2162.0,100.27829313543599
790,25715016,3522,SOSES,10134420.0,2087.0,59.256104486087445
791,8438664,3107,SUBIRATS,5129260.0,3011.0,96.91020276794336
792,25715730,1680,SUDANELL,8571740.0,1024.0,60.952380952380956
793,25716240,686,SUNYER,4286040.0,345.0,50.29154518950437
794,17538492,186,SUSQUEDA,,,
795,43905390,5645,"SÉNIA, LA",,,
796,8440194,5953,SÚRIA,6594378.0,6732.0,113.08583907273643
797,8441826,636,TAGAMANENT,1456576.0,243.0,38.20754716981132
798,8443458,418,TALAMANCA,,,
799,25719708,1190,TALARN,3832680.0,332.0,27.899159663865547
800,25721034,558,TALAVERA,,,
801,17539818,908,"TALLADA D'EMPORDÀ, LA",,,
802,8444070,6646,TARADELL,6291280.0,5943.0,89.42220884742702
803,44011164,103612,TARRAGONA,67440324.0,130266.0,125.72481951897463
804,25723584,376,TARROJA DE SEGARRA,,,
805,25723278,204,TARRÉS,,,
806,8445804,210,TAVERTET,,,
807,8440500,644,TAVÈRNOLES,1506050.0,259.0,40.21739130434783
808,8447538,6433,TEIÀ,7900074.0,6377.0,99.12948857453753
809,17540124,676,TERRADES,3267240.0,316.0,46.74556213017752
810,8445396,29484,TERRASSA,14297833.0,200146.0,678.8291954958621
811,8448048,8953,TIANA,8323410.0,8552.0,95.5210543951748
812,25727256,154,TIURANA,,,
813,44012490,1804,TIVENYS,14023425.0,1079.0,59.811529933481154
814,44013816,3238,TIVISSA,20151050.0,1685.0,52.038295243977764
815,8448660,8364,TONA,6684381.0,7878.0,94.18938307030129
816,8450190,17536,TORDERA,8391692.0,14961.0,85.31592153284672
817,8451516,14414,TORELLÓ,6801985.0,12545.0,87.03343971139171
818,25729398,276,"TORMS, ELS",,,
819,25729704,1644,TORNABOUS,6381925.0,772.0,46.95863746958637
820,25731642,1518,"TORRE DE CABDELLA, LA",,,
821,8451822,3744,"TORRE DE CLARAMUNT, LA",,,
822,44014530,262,"TORRE DE FONTAUBELLA, LA",,,
823,44015040,1202,"TORRE DE L'ESPANYOL, LA",,,
824,25737864,796,TORRE-SERONA,5147532.0,419.0,52.63819095477387
825,25731030,534,TORREBESSES,4212742.0,299.0,55.99250936329588
826,44016672,16583,TORREDEMBARRA,38319864.0,14889.0,89.78471929084002
827,25733274,4698,TORREFARRERA,18744404.0,4520.0,96.21115368241804
828,26425956,1214,TORREFETA I FLOREJACS,6580378.0,470.0,38.71499176276771
829,25735008,2181,TORREGROSSA,11227350.0,2122.0,97.29481889041725
830,25735722,1470,TORRELAMEU,6610522.0,662.0,45.034013605442176
831,8453454,2844,TORRELAVIT,3646280.0,1225.0,43.07313642756681
832,8454066,2400,TORRELLES DE FOIX,4019680.0,1879.0,78.29166666666667
833,8455392,6079,TORRELLES DE LLOBREGAT,7294320.0,5205.0,85.62263530185886
834,17541756,328,TORRENT,,,
835,25737252,2368,TORRES DE SEGRE,12086128.0,2250.0,95.0168918918919
836,17542368,1406,TORROELLA DE FLUVIÀ,4437084.0,471.0,33.49928876244665
837,17543694,11847,TORROELLA DE MONTGRÍ,13277628.0,10074.0,85.03418586984046
838,44017182,304,TORROJA DEL PRIORAT,,,
839,17544102,1636,TORTELLÀ,4850400.0,738.0,45.11002444987775
840,44018508,33472,TORTOSA,53598510.0,34599.0,103.36699330783938
841,25727868,2474,TORÀ,9282064.0,1225.0,49.51495553759094
842,17545836,336,TOSES,,,
843,17546346,5823,TOSSA DE MAR,10751250.0,4805.0,82.51760261033832
844,25739394,5916,TREMP,15796484.0,6932.0,117.1737660581474
845,25721646,17462,TÀRREGA,23729197.0,15894.0,91.02050166074905
846,25725012,2720,TÉRMENS,9180080.0,1306.0,48.01470588235294
847,25725726,268,TÍRVIA,,,
848,8455800,2091,ULLASTRELL,4600950.0,1699.0,81.25298900047824
849,17549814,548,ULLASTRET,1995780.0,210.0,38.32116788321168
850,44019834,6531,ULLDECONA,28396648.0,5336.0,81.70264890522125
851,44020446,796,ULLDEMOLINS,7120905.0,419.0,52.63819095477387
852,17548488,2354,ULLÀ,4971956.0,844.0,35.853865760407814
853,17547978,450,ULTRAMORT,2029954.0,190.0,42.22222222222222
854,17550120,392,URÚS,,,
855,8457534,6838,VACARISSES,7486773.0,5515.0,80.65223749634396
856,17354688,178,"VAJOL, LA",,,
857,17551752,3096,"VALL D'EN BAS, LA",,,
858,17552364,2550,"VALL DE BIANYA, LA",,,
859,25544064,2038,"VALL DE BOÍ, LA",,,
860,26419020,700,VALL DE CARDÓS,,,
861,17553690,1794,VALL-LLOBREGA,5937105.0,808.0,45.039018952062435
862,8458044,2714,VALLBONA D'ANOIA,3225588.0,1206.0,44.43625644804716
863,25743270,486,VALLBONA DE LES MONGES,,,
864,8459676,498,VALLCEBRE,,,
865,44022078,176,VALLCLARA,,,
866,25745004,3812,VALLFOGONA DE BALAGUER,11231800.0,1683.0,44.15005246589717
867,17514114,392,VALLFOGONA DE RIPOLLÈS,,,
868,44022384,154,VALLFOGONA DE RIUCORB,,,
869,8460186,2990,VALLGORGUINA,4843696.0,2098.0,70.16722408026756
870,8461512,15327,VALLIRANA,8958600.0,13548.0,88.39303190448229
871,44023812,3548,VALLMOLL,16832400.0,1425.0,40.16347237880496
872,8462838,2560,VALLROMANES,5135224.0,2162.0,84.453125
873,44024526,24501,VALLS,41261916.0,23164.0,94.54307987429085
874,26424324,490,"VALLS D'AGUILAR, LES",,,
875,25744596,1568,"VALLS DE VALIRA, LES",,,
876,44026056,6609,VANDELLÒS I L'HOSPITALET DE L'INFANT,31119802.0,5717.0,86.50325313965804
877,26427894,298,"VANSA I FÓRNOLS, LA",,,
878,8463450,350,VECIANA,,,
879,44026668,38411,"VENDRELL, EL",,,
880,17555118,1692,VENTALLÓ,5765350.0,749.0,44.26713947990544
881,25747248,1804,VERDÚ,7597842.0,1004.0,55.654101995565405
882,17555832,2338,VERGES,6195960.0,1099.0,47.00598802395209
883,44028198,834,VESPELLA DE GAIÀ,,,
884,8464062,47677,VIC,10496970.0,37367.0,78.37531723892025
885,17557974,7958,VIDRERES,12169591.0,6400.0,80.42221663734607
886,17556342,354,VIDRÀ,,,
887,25747860,5616,VIELHA E MIJARAN,13530248.0,4838.0,86.14672364672364
888,44033808,2552,VILA-RODONA,16318260.0,1195.0,46.826018808777434
889,17575110,1516,VILA-SACRA,5031160.0,616.0,40.633245382585756
890,25757142,1468,VILA-SANA,7222072.0,719.0,48.97820163487738
891,44034522,22577,VILA-SECA,38249506.0,18504.0,81.95951632192053
892,44028504,1458,VILABELLA,12043035.0,725.0,49.72565157750343
893,17558484,1986,VILABERTRAN,5542908.0,949.0,47.784491440080565
894,17559810,3066,VILABLAREIX,9881410.0,2956.0,96.4122635355512
895,8465388,838,VILADA,1734491.0,432.0,51.551312649164686
896,17561748,916,VILADAMAT,4218165.0,494.0,53.930131004366814
897,17561136,412,VILADASENS,,,
898,8467530,67264,VILADECANS,12053052.0,60050.0,89.2750951474786
899,8466816,7552,VILADECAVALLS,7345500.0,7324.0,96.98093220338984
900,17562360,1670,VILADEMULS,5130964.0,760.0,45.50898203592814
901,17565114,2094,VILADRAU,5648160.0,899.0,42.93218720152818
902,17565828,5426,VILAFANT,11228092.0,5731.0,105.62108367121267
903,8471508,40194,VILAFRANCA DEL PENEDÈS,10356335.0,36997.0,92.04607652883516
904,25749390,1120,VILAGRASSA,5881852.0,496.0,44.285714285714285
905,17567970,2232,VILAJUÏGA,5855820.0,973.0,43.59318996415771
906,8472834,1506,VILALBA SASSERRA,2608084.0,693.0,46.015936254980076
907,44038500,1242,VILALBA DELS ARCS,9584850.0,731.0,58.85668276972624
908,25750716,1098,VILALLER,5049000.0,574.0,52.27686703096539
909,17568480,796,VILALLONGA DE TER,2945304.0,297.0,37.31155778894472
910,44029830,2407,VILALLONGA DEL CAMP,18863542.0,1875.0,77.89779808890735
911,17569806,754,VILAMACOLUM,2687100.0,242.0,32.09549071618037
912,17571132,2322,VILAMALLA,6132456.0,1059.0,45.60723514211886
913,17571744,424,VILAMANISCLE,,,
914,25752654,356,VILAMÒS,,,
915,17573376,772,VILANANT,3583424.0,325.0,42.09844559585492
916,44030442,1130,VILANOVA D'ESCORNALBOU,9539907.0,523.0,46.283185840707965
917,25753266,2366,VILANOVA DE BELLPUIG,9367008.0,1282.0,54.18427726120034
918,25755918,830,VILANOVA DE MEIÀ,3863250.0,377.0,45.42168674698795
919,44032074,214,VILANOVA DE PRADES,,,
920,8469672,624,VILANOVA DE SAU,1320177.0,249.0,39.90384615384615
921,25756632,1970,VILANOVA DE SEGRIÀ,10100400.0,980.0,49.746192893401016
922,25754592,400,VILANOVA DE L'AGUDA,,,
923,25759284,2176,VILANOVA DE LA BARCA,9748044.0,1134.0,52.11397058823529
924,8468040,12608,VILANOVA DEL CAMÍ,7604632.0,11021.0,87.4127538071066
925,9080448,5508,VILANOVA DEL VALLÈS,7450974.0,4814.0,87.4001452432825
926,8473446,67800,VILANOVA I LA GELTRÚ,11164608.0,64744.0,95.49262536873157
927,44032380,1110,VILAPLANA,9410842.0,484.0,43.6036036036036
928,8378280,9081,VILASSAR DE DALT,7647234.0,9208.0,101.39852439158683
929,8383482,21056,VILASSAR DE MAR,9681982.0,21042.0,99.93351063829788
930,44036052,886,VILAVERD,8159508.0,361.0,40.74492099322799
931,17567358,316,VILAÜR,,,
932,44036664,266,"VILELLA ALTA, LA",,,
933,44038194,408,"VILELLA BAIXA, LA",,,
934,17577966,3336,VILOBÍ D'ONYAR,8737131.0,2848.0,85.37170263788968
935,8470182,2204,VILOBÍ DEL PENEDÈS,2964528.0,1002.0,45.46279491833031
936,17577354,408,VILOPRIU,,,
937,25758774,346,"VILOSELL, EL",,,
938,44039826,1780,VIMBODÍ I POBLET,14075376.0,981.0,55.1123595505618
939,25760610,900,VINAIXA,5682375.0,509.0,56.55555555555556
940,44041458,850,VINEBRE,8505869.0,443.0,52.11764705882352
941,44042070,2126,VINYOLS I ELS ARCS,21286754.0,1736.0,81.65569143932268
942,8475078,344,VIVER I SERRATEIX,,,
943,43913142,2308,XERTA,18512360.0,1345.0,58.27556325823223
944,25502448,1160,ÀGER,5500440.0,538.0,46.37931034482759
945,8305860,3671,ÒDENA,4690368.0,3050.0,83.0836284391174
946,8316774,1516,ÒRRIUS,2698643.0,606.0,39.97361477572559
